{"objects":[{"idx":"animate_box","type":"Toggle","value":true},{"idx":"distance_prediction_enabled","type":"Toggle","value":true},{"idx":"fov_circle_enabled","type":"Toggle","value":true},{"idx":"prediction_enabled","type":"Toggle","value":true},{"idx":"hitsound_enabled","type":"Toggle","value":true},{"idx":"hit_notifications_enabled","type":"Toggle","value":true},{"idx":"aimbot_enabled","type":"Toggle","value":false},{"idx":"hitmarker_enabled","type":"Toggle","value":true},{"idx":"wallcheck_enabled","type":"Toggle","value":false},{"idx":"enemy_bullet_tracers","type":"Toggle","value":true},{"idx":"box_enabled","type":"Toggle","value":true},{"idx":"bullet_tracers","type":"Toggle","value":true},{"idx":"dynamic_fov_enabled","type":"Toggle","value":false},{"idx":"walkspeed_enabled","type":"Toggle","value":false},{"idx":"bullet_tracer_lifetime","type":"Slider","value":"2"},{"idx":"hitchance_value","type":"Slider","value":"19"},{"idx":"fov_circle_color","type":"ColorPicker","transparency":0,"value":"ffffff"},{"idx":"screen_width_value","type":"Slider","value":"1366"},{"idx":"fov_value","type":"Slider","value":"50"},{"idx":"prediction_value","type":"Slider","value":"2"},{"idx":"enemy_bullet_tracer_color","type":"ColorPicker","transparency":0,"value":"ff0000"},{"idx":"aimbot_speed","type":"Slider","value":"5"},{"idx":"animation_speed","type":"Slider","value":"1"},{"idx":"box_rotation","type":"Slider","value":"0"},{"idx":"bullet_tracer_color","type":"ColorPicker","transparency":0,"value":"0000ff"},{"idx":"screen_height_value","type":"Slider","value":"768"},{"idx":"box_color_one","type":"ColorPicker","transparency":0,"value":"ffffff"},{"idx":"hitmarker_color","type":"ColorPicker","transparency":0,"value":"ffffff"},{"idx":"walkspeed_value","type":"Slider","value":"50"},{"idx":"box_color_two","type":"ColorPicker","transparency":0,"value":"ffffff"},{"idx":"hitpart_value","type":"Dropdown","mutli":false,"value":"Head"},{"idx":"hitmarker_lifetime","type":"Slider","value":"2"}]}