{"Auto Spin Crate":false,"Auto Lantern Keeper [$1000]":false,"Auto Buy Totem":false,"Reduce Lag":false,"Hide Notification":false,"Choose Zone Event  ":"Golden Tide","Choose Zone Fishing":"","Auto Chiseler":false,"Auto Claim Crab Cage":false,"Count Buy":"","Auto Tap Loading Screen":false,"Until Shiny":false,"Infinite Jump":false,"Choose Totem Delay":"","Until Sparkling":false,"Choose List Rod":"","Unrender Players Crab Cage":false,"Webhook Caught":true,"Anti-Staff":false,"Auto Use Totem Delay":false,"Enable Walkspeed":false,"Delay To Use Totem":"4","Auto Buy Luck":false,"Remove Fog":false,"Auto Lantern Keeper [$500]":false,"Unrender All Tool":false,"Amount Buy":"","Choose Crate  ":"","Auto Claim Advent Calendar":false,"Auto Get Heaven's Rod":false,"ESP Player":false,"Auto Collect Meteor":false,"CTRL + Click to Teleport":false,"Auto Favourite All":false,"Auto Appraise":false,"Auto Enchant Altar":false,"Choose Buy Shop ":"","Teleport Mode":"","Get Money Free":false,"Auto Buy Desolate Crates":false,"ESP Event Zone":false,"Set Speed":"","Anti-Swim":false,"Infinite Oxygen":true,"Instant Bobber":true,"ESP Zones":false,"Choose NPCs":"","Ping Message/ID":"goofy sigma rizz :D","Fish Name   ":"","Auto Bestiary Map":false,"Count Buy  ":"","Choose Player Trade":"","Choose Rarity":[""],"Auto UnFavourite All":false,"Auto Rod":false,"Give Fish Name":"","Freeze Body":false,"Use Totem At Day":"","Choose Enchant":"","Sell Fish Name":"","Fish Name         ":"","Choose Totem  ":"Eclipse Totem","Allow Use Equip":false,"Auto Farm Event":false,"Auto Nuke Minigame":false,"Lock Position":false,"Delay To Buy Totem":"4","Auto Trade Player":false,"Tool Name   ":"","Choose Bestiary Map":"","Auto Use Nuke":false,"Auto Sell Fish":false,"Ignore Favourited":false,"Disable Inventory UI":false,"Auto Place Crab Cage":false,"Auto Use Totem":false,"Hide Identity":false,"Choose Rod ":"","Auto Buy Relic":false,"Auto Equip Random Bait":false,"Full Bright":false,"Auto Sell In Hand":false,"Fish Name ":"","Choose Totem":"","Prevent Temperature":true,"Auto Reel":false,"Auto Equip Rod":false,"Auto Buy Crab Cage":false,"Instant Get Money Free":false,"Auto Equip Bait":false,"Webhook Caught Rarity":true,"Allow Ping On Ping Message/ID":true,"Choose Island":"moosewood","Bypass Gameplay Paused":false,"Auto Use Totem Night/Day":false,"Auto Activate Tool":false,"Auto Favourite":false,"Choose Mutation":[""],"Auto Angler Quests":false,"Boost FPS":false,"Auto Cast":false,"Auto Shake":false,"Auto Meteor (Fully)":false,"Choose Zone Event":"","Auto UnFavourite":false,"Auto Reconnect":false,"Auto Prevent Crab Cage":false,"Show Screen White":false,"Choose Weight Name":[""],"ESP Island":false,"Auto Teleport To Mode":false,"Webhook Stats":true,"Auto Collect Fragment":false,"Auto Farm Zone":false,"Delay To Send":"0","Auto Teleport To Zone":false,"Choose Bait":"","Choose Interactable":"","Auto Sell All":false,"Auto Summon Megalodon":false,"Auto Pierre Quests":false,"Webhook URL":"https://ptb.discord.com/api/webhooks/1328888659067408456/Y8W-K-6lsJMi4ioWK5UHAgUcQ9s4Eswjt0dbPVmBUWXUSdqaSe3ofF8Ej0Qy1kEmk-yh","Auto Fix Treasure Map":false,"Auto Buy Moosewood Crates":false,"Use Totem At Night":"","Notification Spawned Event Zone":false,"Auto Give To Player":false,"Auto Accept Trade":false,"Show Screen Black":false,"Auto Get Treasure Chest":false,"Auto Fillionaire":false,"Farm Reel Mode":"Faster","No Clip":false,"Auto Buy Bait Crate":false,"Prevent Perfect Catches":true,"Auto Buy Ancient Crates":false,"Auto Get Crystal":false,"Auto Nuke (Fully)":false,"Walk On Water":false,"Dupe Fish":false}